Component	dependsOn
Accessory Drives	Power Section
Ignition Distribution System	Accessory Drives
Ignition Distribution System	Power Section
Power Section	Lubrication System
Power Section	Cooling System
Fuel Distribution System	Induction System
Fuel Distribution System	Power Section
Cylinder Section	Cooling System
Cylinder Section	Lubrication System
Cylinder Section	Power Section
Cranking Section	Electrical Power
Cranking Section	Power Section
Electrical Power	Cranking Section
Lubrication System	Power Section
Lubrication System	Cooling System
Cooling System	Power Section
Induction System	Power Section
Induction System	Fuel Distribution System
Priming System	Fuel Distribution System
Priming System	Induction System
Oil Cooler Bypass Valve, Oil Pressure Screen And Breather Fitting	Lubrication System
Propeller Governor Drive Cover, Vacuum Pump Drive And Cover	Accessory Drives
Propeller Governor Drive Cover, Vacuum Pump Drive And Cover	Power Section
Oil Filter Assembly And Oil Cooler Bypass Valve	Lubrication System
Oil Pump Assembly And Accessory Housing Attaching Parts	Lubrication System
Oil Pump Assembly And Accessory Housing Attaching Parts	Accessory Drives
Fuel Pump Assembly And Attaching Parts	Fuel Distribution System
Fuel Pump Assembly And Attaching Parts	Induction System
Accessory Housing Assembly	Accessory Drives
Accessory Housing Assembly	Power Section
Magnetos, Magneto Drives, Harnesses And Spark Plugs	Ignition Distribution System
Magnetos, Magneto Drives, Harnesses And Spark Plugs	Accessory Drives
Crankshaft Idler Gears, Tachometer Drive And Camshaft	Power Section
Crankcase Assembly	Power Section
Crankcase Assembly	Lubrication System
Crankcase Assembly	Cooling System
Crankcase Attaching Parts	Crankcase Assembly
Crankcase Related Parts	Crankcase Assembly
Crankshaft Assembly	Power Section
Crankshaft Assembly	Lubrication System
Carburetor Assembly	Fuel Distribution System
Carburetor Assembly	Induction System
Cylinder Related Parts	Cylinder Section
Cylinder Related Parts	Cooling System
Connecting Rods, Pistons And Ring Assemblies	Power Section
Connecting Rods, Pistons And Ring Assemblies	Cylinder Section
Valve Assembly	Power Section
Valve Assembly	Cylinder Section
Intake Pipes And Attaching Parts	Induction System
Intake Pipes And Attaching Parts	Fuel Distribution System
Cylinder Head Drain Tubes And Intercylinder Cooling Baffles	Cylinder Section
Cylinder Head Drain Tubes And Intercylinder Cooling Baffles	Cooling System
Cylinder Assembly	Cylinder Section
Cylinder Assembly	Cooling System
Cylinder Assembly	Lubrication System
Starter Motor And Attaching Parts	Cranking Section
Starter Motor And Attaching Parts	Electrical Power
Alternator Mounting And Attaching Parts	Electrical Power
Alternator Mounting And Attaching Parts	Accessory Drives
Oil Sump Assembly And Oil Suction Screen	Lubrication System
Oil Sump Assembly And Oil Suction Screen	Power Section
Oil Level Gage	Lubrication System
